PeriodIndex,PeakAmplitude
0,1.0403530895334172
1,1.043435617206109
2,1.052683200224184
3,1.034188034188034
4,1.0680958385876416
